"";"x"
"1";"Optical imaging, Fires, Cameras, Visualization, Image processing, Monitoring, Fuels "
"2";"Unmanned aerial vehicles, Forest fires, Optical flow, Optical remote sensing, Fire detection, Image processing"
"3";"Malaria, Drones, Earth observation, Malaria vector habitats, Larval source managemen"
"4";"feature selection, flood detection, image processing, image segmentation, path planning, texture analysis, unmanned aerial vehicle"
"5";" image classification, invasive species, OBIA, remote sensing, UAV, wetland monitoring"
"6";"Unmanned aerial vehicle Structure frommotion Airborne laser scanning Hybrid inference Forest inventory"
"7";"value of information, unmanned aerial vehicle, UAV, animal monitoring, path planning, MDP"
"8";"unmanned aerial systems, sensor networks"
"9";"unmanned aerial vehicles, drones, landslide risk assessment"
"10";"Great Lakes,wetlands, biological invasions, ecological restoration, early detection and rapid response, UAV remote sensing, restoration monitoring"
"11";"Monitoring, Oil and gas pipeline, Regulations, Safety, Unmanned aerial vehicle"
"12";"Drones, elephants, human–elephant conflict, Tanzania, UAVs, unmanned aerial vehicles"
"13";"UAV, Drone, remote sensing, great apes"
"14";"aerial survey, colony, drone, penguin, seabird, UAV"
"15";"conservation, thermal imaging, automated pipeline"
"16";"aerial land cover survey, aerial vertebrate survey, image processing, unmanned aerial vehicle, videography"
"17";"search and rescue, drone, unmanned aviation systems, SAR, UAS, UAV"
"18";"populations, central Texas, unmanned aircraft system, UAS, rare species, overstory, understory"
"19";"Biased random bridges, deforestation, GPS tracking, monitoring, social media, UAV"
"20";"UAV, remote sensing, Hierarchical clustering, Spatial classification"
"21";"caribou, unmanned aircraft systems, UAV, UAS, drone, target detection, survey"
"22";"Humanitarian logistics, Unmanned aerial system, Unmanned aerial vehicle, Drone, Remotely piloted aircraft systems"
"23";"Nature Conservation, micro UAVs, Object Detection"
"24";"unmanned aerial vehicles, photogrammetry, point clouds, vegetation structure, vegetation height, vegetation cover, ecological recovery, reclamation"
"25";"UAV, Grassland, Species composition, Object-based classificatio"
"26";"Structure from Motion (SfM), Unmanned Aerial Vehicle (UAV), aerial photography, LiDAR, REDD, low-cost"
"27";"unmanned aerial vehicles; computer vision; animal tracking; face detection; vision-based control; object following; autonomous navigation; autonomous landing; anti-poaching"
"28";"UAS, Sicily, Protected areas, Environmental monitoring, Management, Drone"
"29";"Abundance modeling, Animal monitoring, Biologging, Cattle, Drones, GPS-GSM collars, Remote Piloted Aircraft Systems, Spatial distribution, Unmanned Aircraft Systems"
"30";"drones, legal framework, regulation, regional co-operation, UAV"
"31";"ethics, drones, investigator impact, monitoring, technology, unmanned aerial vehicle"
"32";"Pixel- and object-based classification
Invasive alien plants, UAV, Harrisia pomanensis, Point- and area-based accuracy assessment"
"33";"UAV lidar, grasslands, canopy height, fractional cover, aboveground biomass"
"34";"UAVs, UASs, drones, environmental monitoring, coastal habitats, mapping, aerial photography, photogrammetry, image classification, remote sensing, Posidonia oceanica, Diplodus sargus, juvenile sparid fish, Mediterranean Sea, Giglio Island"
"35";"UAV, WorldView-2 Mangrove Leaf area index NDVI, Background and vegetation species"
"36";"UAV, airborne remote sensing, multi-spectral image, digital photogrammetry, calibration, crop management, multi-spectral remote sensing, imaging platforms, image interpretation
"
"37";"Drone, Unmanned aircraft systems, Search and rescue, Mountain rescue"
"38";"UAV, DEM, LAI, chlorophyll content, vegetation index, grassland"
"39";"Miconia calvescens, Hawai’i, Oblique, Canopy openness, UAS, Plant detection"
"40";"Privacy, Data protection, Industry Regulation"
"41";"Index of abundance, monitoring noise,  short-term change, survey-aerial video, unmmaned aerial systems"
"42";"unmanned aerial systems, marine mammals, protected species, anthropogenic impacts, disturbance"
"43";"unmanned aerial vehicles (UAV), forest inventory, biomass growth, canopy height model (CHM), object based image analysis (OBIA), Structure from Motion (SfM)"
"44";"Eurasian beaver (Castor fiber), ecosystem structure, wetlands, unmanned aerial vehicle, structure-from-motion, environmental monitoring and management"
"45";"Unmanned Aerial Vehicles, Water Sampling, Microcontrollers, Instrumentation, Concept Design "
"46";"structure from motion (SfM), 3D point cloud, remote sensing, local maxima, fixed tree window size"
"47";"bird, drones, ecology, population monitoring, RPAS, UAV, UAS, wildlife"
"48";"drone, UAV, BLOS, beyond-line-of-sight, economic benefit, pasture management, forestry, infrastructure inspection"
"49";"Unmanned aerial vehicles, tree height detection, photogrammetry, image processing, local maximum filter, consumer-grade cameras"
"50";" unmanned aerial vehicle images, individual windthrown trees, random classification, Hough transform"
"51";"UAS, Africa, informal mining, monitoring, conflict minerals"
"52";" 3D surveying, structure from motion, UAV, laser ,scanning, photogrammetry, hazards, architecture"
"53";"Unmanned aircraft systems,  Privacy, Surveillance, Law and policy"
"54";" Biomass, UAV, assessment, common reed"
"55";"alien species, giant hogweed, knotweed, plant phenology, remote sensing detection, UAV"
"56";"Acacia mangium, drone, invasive alien species, Mussununga, RPAS, remote sensing, UAV, QGIS"
"57";"Elasmobranchs, Distribution, Abundance, Aerial surveys, Unmanned aerial drones "
"58";"Locomotion, Drones, Tracking,Wildlife"
"59";"Aerial picture,  Drone, Evidence based nature conservation, Habitat suitability model, Host plant,  Imaginal stage,  Larval ecology, Micro-habitat structures, Pre-imaginal stage"
"60";"UAV, Aerial survey, Drone, Disturbance, Flight initiation distance"
"61";"chimpanzee, nest, survey, tree, UAV, presence"
"62";"aerial survey, drone, remotely piloted aerial systems, RPAS, unmanned aerial vehicle, UAV"
"63";" high spatial resolution, pan-sharpening, texture, OBIA, invasive plant"
"64";"abundance, aerial survey, availability, behavior, cetaceans, digital photography, drones, images, unmanned aircraft systems, unmanned aerial systems."
"65";"digital surface model (DSM), drone, growth form, non-submerged aquatic vegetation, object-based image analysis (OBIA), Random Forest, remotely piloted aircraft system (RPAS), species identification, sub-decimetre spatial resolution, unmanned aerial vehicle (UAV), unmanned aircraft system (UAS)"
"66";"forest monitoring, seasonal, tree height growth, forestry, UAV, UAS, COTS, SfM, DSM"
"67";"unmanned aerial vehicle, riparian, restoration, structure from motion"
"68";"Drone mapping, Coral reefs, Bathymetry from drones, Structure from motion underwater, Bathymetry from photogrammetry"
"69";"Intertidal monitoring, Seagrass, Rocky, Unmanned Aerial Vehicle"
"70";"Ixobrychus exilis . Species at risk . Habitat use . Artificialwetlands .Remote sensing . Aerial survey"
"71";"UAV, fixed-wing, multi-rotor, photogrammetry, environmental mapping, orthoimage, DSM"
"72";"detection, drone, remotely piloted aerial vehicles, survey, wildlife"
"73";"aerial survey, remote sensing, drone, wildlife monitoring, habitat monitoring, Pacific flyway"
"74";"aerial survey, bird survey, Branta canadensis, Chen caerulescens, remote sensing, UAS, unmanned aircraft."
"75";"drone, hearing threshold, sound, UAV, unmanned aerial vehicle"
"76";"bowhead whales, disturbance, photo-identification, unmanned aerial system, line-of- sight"
"77";"nest defense behaviour, unmanned aerial vehicles (UAV), raptor, nest productivity, drone"
"78";"Hippos, UAV, Infra-red, Thermal-imagery, Automatic count, Algorithm, QGIS"
"79";"Black-faced spoonbill, Unmanned aerial vehicle, Census, Mission planning, Image processing, Taijiang National Park"
"80";"Aerial survey, Bird colony, Investigator disturbance, Remote sensing, Waterbirds"
"81";"unmanned aerial systems, marine mammal, abundance surveys, photogrammetry, photo-identification, cetacean behavior
"
"82";"Structure from motion (SFM), 3D modelling, Tree delineation, Crown diameter, DEM, Airborne data, Drone, UAS"
"83";"Inaccessible Island, Tristan Albatross, Tristan da Cunha, unmanned aerial vehicle"
"84";"aerial survey, drone, image processing, object-based image analysis, Odocoileus virginianus, remote sensing, thermal infrared and visible imagery, unmanned aerial vehicle (UAV), wildlife survey"
"85";"bioacoustics, drone, methodology, songbird, UAV"
"86";"power lines, bird electrocution, environmental impact of infrastructures, fixed-wing sUAS, remotely piloted aircraft, drones"
"87";"Wildlife Census, Multispecies Detection, Unmanned Aerial Vehicle, Multicriteria Object-Based Image Analysis, Visible and Thermal Infrared Imagery"
"88";"Animal Behavior, Biodiversity, Monitoring, Autonomous Vehicle, Drone, Cyborg, Population Biology, Robot Ethics, Robotics Network"
"89";" radio-telemetry, Bicknell’s thrush Catharus bicknelli, Swainson thrush Catharus ustulatus, unmanned aerial vehicle"
"90";"Data capture, data quality, deployment, drones, flight operations, survey tool, unmanned aerial vehicle"
"91";"anthropogenic disturbance, drones, environmental impact assessment, noise exposure, unmanned aerial systems"
"92";"demography, drone, extinction, mating system, conservation policy, polyandry, potential reproductive rates"
"93";"demography, drone, extinction, mating system, conservation policy, polyandry, potential reproductive rates"
"94";"Drone, Sensefly eBee, Leaf area index, Cover photography, Hemispherical photography ,Fagus sylvatica"
"95";" unmanned aircraft, structure-from-motion, SFM-LiDAR fusion, forest carbon monitoring, light detection and ranging (LiDAR), SUAS"
"96";"Unmanned Aerial Vehicles, Tree Height Detection, Photogrammetry, Image Processing, Local Maximum Filter, Consumer-grade Cameras"
"97";"Forest fire, LiDAR, Monitoring, UAV, Post-fire management, DSM"
"98";"maritime monitoring, UAV, UAS, remote sensing, sensors"
"99";"Orthomosaic, Spatial Resolution, Photogrammetric Triangulation, Near Infrared (NIR), Landscape Architecture"
"100";"air quality, UAVs, sensors, atmosphere, pollution, aerosols"
"101";"model, reclamation forest, unmanned aerial vehicles (UAV), above ground biomass"
"102";"aquatic vegetation, drone, growth form, object-based image analysis (OBIA), random forest, remotely piloted aircraft system (RPAS), species identification, sub-decimetre spatial resolution, unmanned aerial vehicle (UAV), unmanned aircraft system (UAS)"
"103";"Unmanned Aerial Vehicle, drone, capercaillie, snowshoe, ski touring, winter, monitoring, UNESCO Biosphere, Reserve Entlebuch"
"104";"Drone ecology, Forest canopy, Forest dynamics, Remote sensing, Species coexistence, Unmanned Aerial Vehicle (UAV)"
"105";"biomass, digital terrain model, miombo woodlands, unmanned aerial vehicle"
"106";"UAS, multi-rotor, Steller sea lion, abundance, wildlife"
"107";"Adélie penguin, Unmanned aerial vehicle, Drone, Disturbance,  Behaviour analysis, Microcopter"
"108";"Semi-arid, Rangeland, Grassland, Shrubland, Vegetation, Biophysical, Biomass, UAV, UAS, SfM, Canopy height mode"
"109";"aerial imagery, RGBI, photogrammetry, DSM, nDSM, CHM, LiDAR DEM, forest gap, canopy opening, canopy cover"
"110";"Drones, UAV, remote sensing, forest management"
"111";"unmanned aerial vehicle (UAV), unmanned aircraft system (UAS), Arctic, shrubs, vegetation, Structure-from-Motion, photogrammetry"
"112";"drone, UAV, salt water, aerial survey, Borneo, Sabah, reptile"
"113";"Unmanned aerial systems (UAS), forest inventory, tree crown variables, 3D image modelling, canopy height model (CHM), object-based image analysis (OBIA), Structure-from-Motion (SfM)"
"114";"Detection, Invasive species, Mapping, MSS imagery, Object- and pixel-based classification, Spectral, spatial and temporal resolution"
"115";" unmanned aerial vehicle (UAV), LIDAR airborne laser scanning, structure from motion, digital terrain model, forest structure, canopy cover, tree height"
"116";"UAV, monitoring, Galápagos, NDVI, OBIA classification, Random Forest, littoral vegetation "
"117";"Albatrosses, Petrels, Penguins, Disturbance, Altitude, UAV "
"118";" unmanned aerial vehicle, habitat mapping, vegetation identification, wetlands, multi-rotor, fixed-wing"
"119";"Mapping of invasive species, Unmanned aerial system, UAS, Supervised classification, Random forests"
"120";"village lands, land use, itine- rant slash-and-burn cultivation, detec- tion of changes, habitat
conversion,
fragmentation, drone, protected areas, Democratic Republic of Congo"
"121";"Drone Nursery Mapping, Image classification, Aerial imagery, Mediterranean Sea, Central Tyrrhenian Sea, Giglio Island"
"122";"UAV, hyperspectral, photogrammetry, radiometry, point cloud, forest, classification"
"123";"UAS, forest inventory, area-based approach, structure from motion, photogrammetry"
"124";"Drone, Remote sensing, UAV, UAS, UA, RPA, Forest"
"125";"Ecosynth, UAV, SFM, computer vision, canopy height, point cloud, optimal"
"126";"Bark beetle, Classification, Dense matching, Digital surface model, Hyperspectral, Insect outbreak, Photogrammetry, Radiometry, UAV"
"127";"Canopy structure, Costa Rica, Drone, Ecosynth, Hexacopter, LiDAR, Point cloud, model"
"128";"Beach surveys, Coastal monitoring, Structure from motion, RTK-GPS, DEM/DTM, Coastal erosion, Coastal mapping, Coastal management"
"129";"remote sensing, Sus scrofa, photogrammetry, wildlife damage, crop damage, UAV, UAS, drone"
"130";"remotely piloted aircraft systems, unmanned aerial vehicles, marine conservation, marine protected area, image analysis"
"131";"Unmanned aircraft systems, Wetlands Community, ecology, Remote sensing "
"132";"Unmanned aerial vehicle, habitat mapping, vegetation classification, wetlands, multi-rotor, mapping"
"133";"UAS, Structure from Motion, shoreline mapping, littoral zone"
"134";"UAV Unmanned aerial vehicles Unmanned aircraft SfM Structure-from-motion Coal ash Pollution monitoring Spill monitoring"
"135";"cattle, diet selection, drones, foraging behavior"
"136";"abundance, aerial survey, availability, behavior, cetaceans, digital photography, drones, images, unmanned aerial systems, unmanned aircraft systems"
"137";"aerial survey, altitude, cetacean abun- dance, cetacean distribution, color, search-width, video, wind, Beaufort wind force, unmanned air- borne system, UAS"
"138";"Coal ash, Pollution monitoring, SfM, Spill monitoring, Structure-from-motion, UAV, Unmanned aerial vehicles, Unmanned aircraft"
"139";"UAS, VTOL, Photogrammetry, Leopard seal, Antarctic fur seal, Penguin"
"140";"UAS, BLOS, ScanEagle, ice-associated seals, ice seals, aerial survey"
"141";"forest fire detection, color index, mobile surveillance, UAS, UAV, drone, real-time, cost-efficien"
"142";"value of information, markov decision process, path planning, animal monitoring, unmanned aerial vehicles."
"143";"Butterfly, Monitoring, Phantom 2 Vision+, Unmanned aerial vehicle (UAV"
"144";"DSM, Low-cost camera, Remote sensing, Tree height, Photo reconstruction, 3D image modeling"
"145";"UAV, Natural Disaster, Forest Fire, Regulative"
"146";"UAV,remote gas sensing, downwash effect, air quality, hexacopter, optical sensor, air pollution, particle number concentration monitor"
"147";"Point cloud, Structure from motion, Green red vegetation index, GnyLi, SAVI, NDVI"
"148";"UAS, hexacopter, wildlife VTOL, whales"
"149";"Unmanned aerial vehicles, ecological road structures, road networks, wildlife movement corridors"
"150";"Unmanned Aircraft System (UAS), UAV, drone, aerial survey"
"151";"Unmanned aerial vehicles(UAVs), Park use, Park visitation, Direct observation, System for observing play and recreation in communities(SOPARC)"
"152";"civil drones, national parks, concessions, concerns, commercial use"
"153";"UAV, Transversal profile, Lymnimetric key, GIS, DEM, Flood-prone area "
"154";"cyanobacterial bloom, remote sensing, eutrophication, UAV, satellite images Introduction"
"155";"forest road, unmanned aircraft, UAS, UAV, wearing course, 3D model"
"156";"aerial mapping, behavioral ecology, conservation, cryptic, habitat use, nesting, UAV"
"157";"feral cat, aerial baiting, UAV, Christmas Island, invasive species"
"158";" birds of prey, raptors, Steller’s Sea Eagle, Haliaeetus pelagicus, UAV"
"159";"small UAS (Unmanned Aerial Systems), Montagu´s Harrier (Circus pygargus), civil UAS applications, wildlife monitoring, bird nests monitoring"
"160";"INDEX OF ABUNDANCE, MONITORING, NOISE, SHORT-TERM CHANGE, SURVEY-AERIAL"
"161";"Glacier, Glaciology Ice sheets, Snow, Remote sensing, UAV"
"162";"remote monitoring unmanned aircraft vehicle express-analysis aerial photography"
"163";"forest fire, fire monitoring, detection, and fighting, image processing, remote sensing, unmanned aerial vehicles"
"164";"UAS, remote sensing of the environment, case studies, unmanned aerial vehicles, remotely piloted aircraft, remote sensing"
"165";"drone, environmental monitoring, air quality, water quality, efficiency"
"166";"UAS Technology, Affordable, Imagery
Introduction"
"167";"UAS, remote sensing, environment, review"
"168";"autonomous flying, biodiversity, canopy gaps, drone, polygon-based pair correlation function, remotely piloted vehicles, RPV, unmanned aircraft systems, UAS, UAV"
"169";"Payload, Precision agriculture, RPAS, UAV, Vegetation indices"
"170";" river, remote sensing, UAV, drone, algae, Cladophora, SAV"
"171";"Biological metric, Boreal zone, Eutrophication Macrophytes, Surveillance monitoring, Unmanned aircraft system"
"172";"UAV (Unmanned Aerial Vehicle), Vegetation Map, High Spatial Resolution, Plant Community, Plant"
"173";"canopy height, forestry, photogrammetry, MICMAC, Unmanned Aerial Systems, UAS, UAV, forest inventory, uneven-aged broadleaf stands"
"174";"remote sensing, riparian vegetation, UAV, LiDAR, radar"
"175";"UAS, imagery, remote sensing, unmanned aerial system"
"176";"unmanned aircraft, wetlands, aerial survey, remote sensing, land cover, image classification"
"177";"Forest fires, Search and Rescue, Entrapment, Evacuation,Unmanned vehicles, Risk management"
"178";"raptor, nest defense behavior, unmanned aerial vehicle, drone, disturbance"
"179";"Aerial imagery, Aerial photography, Orthoimage, Orthophotograph, Remote sensing, Remotely piloted aircraft system, Riparian vegetation, Species identification, Sub-decimetre spatial resolution, Unmanned aerial vehicle"
"180";"multispectral imagery, unmanned aerial vehicle (UAV), small reservoir, trophic state mapping, matching pixel by pixel (MPP) method"
"181";"instream habitat, riparian habitat, mapping, fish conservation"
"182";"RPAS, PhotoScan, Pix4Dmapper, MicMac, Photogrammetry, Open
Source, commercial, Orthomosaic, DEM, precision, performance, comparison, RGB, NIR"
"183";"biodiversity, coarse-filter approach, forest understorey, gap shape complexity index, unmanned aerial vehicles"
"184";"Remote sensing, R software, Machine learning, Random forest, Support vector machine, RPAS, Land use classification"
"185";"Hyperspectral camera, RPAS, linear variable filters"
"186";"avian, collision, line marking, power line, remote-operated vehicle, UAV"
"187";"Photogrammetry, Drones, Copper soil pollution, Wetlands, Topographic Index, Clima-Topographic Index"
"188";"thermal imaging, feature extraction, kNN, DCT, pattern recognition"
"189";"Aerial photography, Remote sensing, Sub-decimetre spatial resolution, Visual image interpretation, Unmanned aerial vehicle (UAV), Remotely piloted aircraft system (RPAS) "
"190";"geographic information system, unmanned aerial vehicle, drones, patial epidemiology, malaria Plasmodium knowlesi"
"191";"UAV, Thermal Imaging, Animal Rescue, Animal Welfare, Remote Sensing, Detection System, Agri- culture, Octocopter"
"192";"UAVs, Mapping, Visualization, Multisensor, Aerial, Infrared, Temperature, Imagery, Experimental,Forest fires"
"193";"beach monitoring, UAV, drone, CSHORE, runup, MIKE21"
"194";"Wildfire, UAS, Remote Sensing"
"195";"UAV, airborne remote sensing, multi-spectral image, digital photogrammetry, calibration, crop management, multi- spectral remote sensing, imaging platforms, image interpretation"
"196";"risk analysis, geospatial modeling, African elephant, poaching, GIS, UAV, Loxodonta"
"197";"ecology, environmental sensor network, hydrology, remote sensing, robotics, scaling, unmanned aircraft systems."
"198";"UAV, high spatial resolution, DSM, OBIA, swamps, wetlands, mining, monitoring"
"199";"Locomotion, Drones, Tracking,Wildlife"
"200";"UAV, Structure from Motion (SfM), rectify, georeferencing, mosaicking, point cloud, Digital Terrain Model (DTM)"
"201";"Forest fires, Forest fires fighting, Forest fires monitoring, Unmanned Aerial Vehicle"
"202";"Unmanned Aerial Vehicle (UAV), Remote Sensing, Water pollution Investigation, Southwest China"
"203";"Cultural Heritage, Vegetation, Classification, Triangulation, Infrared, DEM/DTM, Multisensor"
"204";"RPA, RPAS, UAV, UAVS, Drone control, Drone autonomy, Drone applications, Drone risks"
"205";"RPA, RPAS, UAV, UAVS, Visual surveillance, Behavioural privacy, Experiential privacy"
"206";"remotely piloted aircraft systems, unmanned aerial vehicles, marine conservation, marine protected area, image analysis"
"207";"UAS, VTOL, Photogrammetry, Leopard seal, Antarctic fur seal ,Penguin"
"208";"blow, cetaceans, exhaled breath condensate, non-invasive sampling, pathogen surveillance, respiratory bacteria"
"209";"Remote Sensing, Multispectral, UAV, Unmanned Aerial Vehicle, AggieAir,Wetlands"
"210";"UAV, SFAP, soil erosion, monitoring, photogrammetry"
"211";"aerial survey, imagery, remote sensing, technology, unmanned aircraft systems"
"212";"Unmanned aerial vehicle (UAV), Unmanned aerial system (UAS), Use of force, Law enforcement, Domestic drone use"
"213";"Multi-UAV, Distributed decision making,  Coordination, Cooperation"
"214";"perception systems, Unmanned Aerial Systems, forest fires"
"215";"UAV, Mapping, Landslides Detection"
"216";"Animal conservation, Wildlife monitoring, Object detection, Active learning, Crowd-sourcing data, Unmanned aerial vehicles, Very high resolution"
"217";"Digital airborne imaging systems, UAV, Agriculture, Accuracy assessment, Forestry"
"218";"Mountain hazards survey, Remote sensing, Southwest China, Unmanned Aerial Vehicle (UAV)"
"219";"UAV, Drone, Water bird, Monitoring, Habitat, Image, Mapping software"
"220";"GPS, RF signals, School of fish, Sonar, Surveillance UAV, Video stream"
"221";"Unmanned aircraft system Volcanic plume gas sampling Autonomous navigation system Hardware in the loop "
